{
  "model_name": "Gradient Boosting",
  "accuracy": 0.5685840707964602,
  "precision": 0.5867346938775511,
  "recall": 0.5021834061135371,
  "f1": 0.5411764705882353,
  "roc_auc": 0.5957663461726751,
  "training_date": "2026-01-08T00:04:31.410208",
  "all_models_metrics": {
    "Logistic Regression": {
      "accuracy": 0.5353982300884956,
      "precision": 0.5725190839694656,
      "recall": 0.32751091703056767,
      "f1": 0.4166666666666667,
      "roc_auc": 0.5454011396792449
    },
    "Random Forest": {
      "accuracy": 0.5442477876106194,
      "precision": 0.5649717514124294,
      "recall": 0.4366812227074236,
      "f1": 0.49261083743842365,
      "roc_auc": 0.5807174887892377
    },
    "Gradient Boosting": {
      "accuracy": 0.5685840707964602,
      "precision": 0.5867346938775511,
      "recall": 0.5021834061135371,
      "f1": 0.5411764705882353,
      "roc_auc": 0.5957663461726751
    },
    "SVM": {
      "accuracy": 0.5154867256637168,
      "precision": 0.5211864406779662,
      "recall": 0.537117903930131,
      "f1": 0.5290322580645161,
      "roc_auc": 0.5320657175866997
    }
  }
}